{"x_mean": 0.5005659769324244, "x_std": 0.22999832568601625, "y_mean": 0.5076653467907277, "y_std": 0.22318079815986544, "w_mean": 0.38128225462320875, "w_std": 0.36512759872040323, "h_mean": 0.3229162169813403, "h_std": 0.2853859132431643}